id,train_no,name,type,priority,length_m,priority_value,priority_name,capacity,length,avg_delay_minutes,delay_penalty,final_priority
1,42079,Jhunjhunu-Sikar Passenger,passenger,3,418,3,MEMU/PASSENGER (Medium),100,200,76.01396396396396,2.5337987987987987,5.533798798798799
2,19909,Udaipur MEMU,memu,4,551,3,MEMU/PASSENGER (Medium),100,200,74.779823269514,2.4926607756504664,5.492660775650466
3,69868,Ganganagar-Bikaner Passenger,passenger,3,599,3,MEMU/PASSENGER (Medium),100,200,71.04680696661829,2.3682268988872766,5.3682268988872766
4,43418,Alwar MEMU,memu,4,647,3,MEMU/PASSENGER (Medium),100,200,75.79248903508771,2.5264163011695904,5.52641630116959
5,43630,Udaipur-Ahmedabad Passenger,passenger,3,654,3,MEMU/PASSENGER (Medium),100,200,72.53866317169069,2.4179554390563562,5.417955439056357
6,17176,Mewar Express,express,2,694,2,EXPRESS (High),100,200,69.50142045454545,2.3167140151515153,4.316714015151515
7,33939,Bikaner MEMU,memu,4,432,3,MEMU/PASSENGER (Medium),100,200,73.93942307692308,2.4646474358974357,5.464647435897436
8,69519,Suvidha Express,superfast,1,673,1,SUPERFAST (Highest),100,200,70.69249512670565,2.356416504223522,3.356416504223522
9,78517,Ajmer Shatabdi,superfast,1,661,1,SUPERFAST (Highest),100,200,69.09057971014492,2.3030193236714975,3.3030193236714975
10,83434,Premium Tatkal Express,superfast,1,675,1,SUPERFAST (Highest),100,200,68.69371118012423,2.2897903726708075,3.2897903726708075
11,40816,Alwar-Delhi Passenger,passenger,3,530,3,MEMU/PASSENGER (Medium),100,200,72.02116402116403,2.400705467372134,5.400705467372134
12,31009,Jodhpur Express,express,2,545,2,EXPRESS (High),100,200,61.514150943396224,2.0504716981132076,4.050471698113208
13,11764,Aravali Express,express,2,544,2,EXPRESS (High),100,200,69.01800614844093,2.300600204948031,4.300600204948031
14,96656,Bikaner MEMU,memu,4,545,3,MEMU/PASSENGER (Medium),100,200,76.97395833333333,2.565798611111111,5.565798611111111
15,25195,Coal Special,goods,5,536,4,GOODS/FREIGHT (Lowest),100,200,70.80577319587628,2.360192439862543,6.3601924398625425
16,61361,Ganganagar MEMU,memu,4,440,3,MEMU/PASSENGER (Medium),100,200,71.61944444444444,2.3873148148148147,5.387314814814815
17,34844,Kota-Sawai Madhopur Passenger,passenger,3,664,3,MEMU/PASSENGER (Medium),100,200,78.45954106280193,2.615318035426731,5.615318035426731
18,68386,Ajmer-Jaipur Passenger,passenger,3,671,3,MEMU/PASSENGER (Medium),100,200,71.34363553113553,2.3781211843711842,5.378121184371184
19,86105,Fertilizer Goods,goods,5,614,4,GOODS/FREIGHT (Lowest),100,200,69.18198529411765,2.3060661764705883,6.306066176470589
20,41597,Bharatpur-Mathura Passenger,passenger,3,421,3,MEMU/PASSENGER (Medium),100,200,73.86856516977,2.4622855056589996,5.462285505659
21,17526,Tejas Express,superfast,1,471,1,SUPERFAST (Highest),100,200,81.97727272727273,2.732575757575758,3.732575757575758
22,70394,Jodhpur Express,express,2,400,2,EXPRESS (High),100,200,66.06929347826087,2.2023097826086957,4.202309782608696
23,66443,Bikaner MEMU,memu,4,424,3,MEMU/PASSENGER (Medium),100,200,73.09803921568627,2.4366013071895423,5.436601307189543
24,64407,Udaipur City Express,express,2,565,2,EXPRESS (High),100,200,63.21506211180124,2.107168737060041,4.107168737060041
25,68044,Raw Material Express,goods,5,678,4,GOODS/FREIGHT (Lowest),100,200,72.38491295938104,2.412830431979368,6.412830431979367
26,43917,Kota MEMU,memu,4,404,3,MEMU/PASSENGER (Medium),100,200,68.4301948051948,2.2810064935064935,5.281006493506494
27,37854,Udaipur MEMU,memu,4,583,3,MEMU/PASSENGER (Medium),100,200,66.4423076923077,2.21474358974359,5.214743589743589
28,81131,Mineral Transport,goods,5,459,4,GOODS/FREIGHT (Lowest),100,200,70.32736943907156,2.344245647969052,6.344245647969052
29,22248,Suvidha Express,superfast,1,650,1,SUPERFAST (Highest),100,200,71.4844298245614,2.38281432748538,3.38281432748538
30,29376,Container Freight,goods,5,456,4,GOODS/FREIGHT (Lowest),100,200,71.01010638297872,2.3670035460992906,6.367003546099291
31,24426,Petroleum Special,goods,5,674,4,GOODS/FREIGHT (Lowest),100,200,69.80416666666667,2.326805555555556,6.326805555555556
32,52659,Vande Bharat Express,superfast,1,561,1,SUPERFAST (Highest),100,200,67.86141636141636,2.262047212047212,3.262047212047212
33,35940,Alwar MEMU,memu,4,428,3,MEMU/PASSENGER (Medium),100,200,67.57428571428572,2.2524761904761905,5.252476190476191
34,79036,Container Freight,goods,5,691,4,GOODS/FREIGHT (Lowest),100,200,70.96097087378641,2.3653656957928804,6.36536569579288
35,30688,Coal Special,goods,5,573,4,GOODS/FREIGHT (Lowest),100,200,74.65238095238095,2.488412698412698,6.488412698412699
36,29800,Steel Transport,goods,5,658,4,GOODS/FREIGHT (Lowest),100,200,62.58502252252252,2.086167417417417,6.086167417417418
37,99534,Kota-Sawai Madhopur Passenger,passenger,3,550,3,MEMU/PASSENGER (Medium),100,200,74.87314814814815,2.4957716049382714,5.495771604938271
38,55992,Raw Material Express,goods,5,529,4,GOODS/FREIGHT (Lowest),100,200,72.43131313131313,2.4143771043771043,6.414377104377104
39,34605,Intercity Express,express,2,550,2,EXPRESS (High),100,200,76.78645833333333,2.559548611111111,4.559548611111111
40,88549,Raw Material Express,goods,5,631,4,GOODS/FREIGHT (Lowest),100,200,68.85684818481847,2.2952282728272824,6.295228272827282
41,13536,Limestone Special,goods,5,641,4,GOODS/FREIGHT (Lowest),100,200,67.87189716312056,2.2623965721040187,6.262396572104018
42,67259,Limestone Special,goods,5,547,4,GOODS/FREIGHT (Lowest),100,200,72.74761904761905,2.424920634920635,6.424920634920635
43,50424,Marudhar Express,express,2,437,2,EXPRESS (High),100,200,66.22765793528505,2.207588597842835,4.207588597842835
44,68969,Golden Temple Mail,express,2,415,2,EXPRESS (High),100,200,67.21046728971962,2.2403489096573206,4.240348909657321
45,93475,Fertilizer Goods,goods,5,698,4,GOODS/FREIGHT (Lowest),100,200,74.18666666666667,2.472888888888889,6.472888888888889
46,82802,Alwar-Delhi Passenger,passenger,3,647,3,MEMU/PASSENGER (Medium),100,200,70.23627617430674,2.3412092058102245,5.341209205810225
47,27232,Petroleum Special,goods,5,403,4,GOODS/FREIGHT (Lowest),100,200,68.61359649122807,2.2871198830409356,6.287119883040935
48,51421,Humsafar Express,superfast,1,424,1,SUPERFAST (Highest),100,200,68.72677295217153,2.290892431739051,3.290892431739051
49,10874,Tejas Express,superfast,1,536,1,SUPERFAST (Highest),100,200,69.99570446735395,2.333190148911798,3.333190148911798
50,93891,Chittorgarh-Udaipur Passenger,passenger,3,542,3,MEMU/PASSENGER (Medium),100,200,72.71064516129033,2.423688172043011,5.423688172043011
51,93127,Chetak Express,express,2,504,2,EXPRESS (High),100,200,70.88809523809525,2.3629365079365083,4.362936507936508
52,81361,Bikaner Express,express,2,470,2,EXPRESS (High),100,200,69.57070707070707,2.319023569023569,4.319023569023569
53,27804,Udaipur MEMU,memu,4,448,3,MEMU/PASSENGER (Medium),100,200,71.46470588235294,2.382156862745098,5.382156862745099
54,70707,Udaipur MEMU,memu,4,506,3,MEMU/PASSENGER (Medium),100,200,72.4325,2.414416666666667,5.414416666666667
55,10440,Sikar-Jaipur Passenger,passenger,3,493,3,MEMU/PASSENGER (Medium),100,200,73.17115384615384,2.4390384615384613,5.439038461538461
56,43871,Chetak Express,express,2,576,2,EXPRESS (High),100,200,68.00756200846945,2.266918733615648,4.266918733615649
57,16140,Vande Bharat Express,superfast,1,512,1,SUPERFAST (Highest),100,200,73.06632653061224,2.4355442176870747,3.4355442176870747
58,53846,Ashram Express,express,2,516,2,EXPRESS (High),100,200,70.2030303030303,2.34010101010101,4.3401010101010105
59,86113,Iron Ore Express,goods,5,659,4,GOODS/FREIGHT (Lowest),100,200,74.24919093851133,2.474973031283711,6.474973031283711
60,30634,Mount Abu-Abu Road Passenger,passenger,3,411,3,MEMU/PASSENGER (Medium),100,200,70.67718715393134,2.355906238464378,5.355906238464378
61,94174,Ajmer MEMU,memu,4,481,3,MEMU/PASSENGER (Medium),100,200,67.30357142857143,2.243452380952381,5.243452380952381
62,20289,Bikaner MEMU,memu,4,461,3,MEMU/PASSENGER (Medium),100,200,76.18642857142856,2.5395476190476187,5.539547619047619
63,72477,Limestone Special,goods,5,465,4,GOODS/FREIGHT (Lowest),100,200,68.79045092838197,2.2930150309460657,6.293015030946066
64,87516,Premium Tatkal Express,superfast,1,417,1,SUPERFAST (Highest),100,200,72.3452380952381,2.411507936507937,3.411507936507937
65,36118,Kota-Sawai Madhopur Passenger,passenger,3,417,3,MEMU/PASSENGER (Medium),100,200,69.13059163059164,2.304353054353055,5.304353054353054
66,55849,Double Decker Express,superfast,1,621,1,SUPERFAST (Highest),100,200,66.76633986928104,2.225544662309368,3.225544662309368
67,79046,Jaipur-Delhi Passenger,passenger,3,652,3,MEMU/PASSENGER (Medium),100,200,70.03511404561826,2.3345038015206088,5.334503801520609
68,67036,Bharatpur-Mathura Passenger,passenger,3,504,3,MEMU/PASSENGER (Medium),100,200,66.70868421052631,2.2236228070175437,5.223622807017543
69,62692,Ajmer Express,express,2,649,2,EXPRESS (High),100,200,67.51474358974359,2.250491452991453,4.250491452991453
70,15718,Industrial Freight,goods,5,564,4,GOODS/FREIGHT (Lowest),100,200,75.39597523219814,2.5131991744066045,6.513199174406605
71,98956,Bharatpur-Mathura Passenger,passenger,3,569,3,MEMU/PASSENGER (Medium),100,200,73.52032667876588,2.4506775559588627,5.450677555958863
72,15583,Duronto Express,superfast,1,527,1,SUPERFAST (Highest),100,200,67.80434782608695,2.2601449275362318,3.2601449275362318
73,83277,Udaipur-Ahmedabad Passenger,passenger,3,592,3,MEMU/PASSENGER (Medium),100,200,64.53571428571429,2.1511904761904765,5.151190476190477
74,33991,Agricultural Goods,goods,5,688,4,GOODS/FREIGHT (Lowest),100,200,74.46581196581197,2.4821937321937324,6.482193732193732
75,85682,Jodhpur Express,express,2,601,2,EXPRESS (High),100,200,80.36235294117647,2.6787450980392156,4.678745098039215
76,18005,Mewar Express,express,2,666,2,EXPRESS (High),100,200,77.30584269662921,2.576861423220974,4.576861423220974
77,92390,Chetak Express,express,2,665,2,EXPRESS (High),100,200,72.22864077669902,2.4076213592233007,4.407621359223301
78,96654,Steel Transport,goods,5,672,4,GOODS/FREIGHT (Lowest),100,200,67.38139534883722,2.2460465116279074,6.246046511627908
79,79313,Ajmer-Jaipur Passenger,passenger,3,618,3,MEMU/PASSENGER (Medium),100,200,73.56479591836735,2.4521598639455786,5.452159863945578
80,31586,Premium Tatkal Express,superfast,1,653,1,SUPERFAST (Highest),100,200,66.18141233766234,2.206047077922078,3.206047077922078
81,96949,Bikaner MEMU,memu,4,550,3,MEMU/PASSENGER (Medium),100,200,71.2304347826087,2.3743478260869564,5.374347826086956
82,49615,Intercity Express,express,2,546,2,EXPRESS (High),100,200,75.38605072463768,2.512868357487923,4.512868357487923
83,39883,Kota MEMU,memu,4,661,3,MEMU/PASSENGER (Medium),100,200,71.97826086956522,2.3992753623188405,5.399275362318841
84,13124,Mount Abu-Abu Road Passenger,passenger,3,681,3,MEMU/PASSENGER (Medium),100,200,69.84698184888138,2.328232728296046,5.3282327282960456
85,47622,Jodhpur MEMU,memu,4,493,3,MEMU/PASSENGER (Medium),100,200,65.73593073593074,2.1911976911976914,5.191197691197692
86,64516,Sikar-Jaipur Passenger,passenger,3,504,3,MEMU/PASSENGER (Medium),100,200,65.80493421052631,2.1934978070175437,5.193497807017543
87,35847,Jodhpur MEMU,memu,4,599,3,MEMU/PASSENGER (Medium),100,200,68.295,2.2765,5.2765
88,23951,Iron Ore Express,goods,5,412,4,GOODS/FREIGHT (Lowest),100,200,67.60849056603774,2.253616352201258,6.2536163522012576
89,13545,Udaipur-Ahmedabad Passenger,passenger,3,499,3,MEMU/PASSENGER (Medium),100,200,71.5855155482815,2.3861838516093834,5.386183851609383
90,92826,Ajmer Shatabdi,superfast,1,427,1,SUPERFAST (Highest),100,200,70.515,2.3505,3.3505
91,65813,Ganganagar-Bikaner Passenger,passenger,3,623,3,MEMU/PASSENGER (Medium),100,200,75.7581475128645,2.5252715837621498,5.52527158376215
92,13717,Limestone Special,goods,5,643,4,GOODS/FREIGHT (Lowest),100,200,71.59377358490566,2.3864591194968554,6.386459119496855
93,58008,Iron Ore Express,goods,5,615,4,GOODS/FREIGHT (Lowest),100,200,74.58357771260997,2.4861192570869988,6.486119257086999
94,10306,Jodhpur MEMU,memu,4,695,3,MEMU/PASSENGER (Medium),100,200,72.44301470588235,2.414767156862745,5.4147671568627445
95,80214,Haridwar Mail,express,2,645,2,EXPRESS (High),100,200,67.13487972508591,2.2378293241695304,4.23782932416953
96,12431,Haridwar Mail,express,2,461,2,EXPRESS (High),100,200,69.64455782312925,2.321485260770975,4.3214852607709755
97,30340,Udaipur-Ahmedabad Passenger,passenger,3,544,3,MEMU/PASSENGER (Medium),100,200,71.30252100840336,2.376750700280112,5.3767507002801125
98,30164,Churu MEMU,memu,4,688,3,MEMU/PASSENGER (Medium),100,200,77.4426510989011,2.5814217032967033,5.581421703296703
99,51097,Chittorgarh-Udaipur Passenger,passenger,3,425,3,MEMU/PASSENGER (Medium),100,200,74.47029702970298,2.4823432343234324,5.482343234323432
100,37543,Chittorgarh-Udaipur Passenger,passenger,3,574,3,MEMU/PASSENGER (Medium),100,200,75.41358024691358,2.513786008230453,5.513786008230452
101,84215,Premium Tatkal Express,superfast,1,515,1,SUPERFAST (Highest),100,200,73.41687979539643,2.4472293265132143,3.4472293265132143
102,37949,Bikaner MEMU,memu,4,444,3,MEMU/PASSENGER (Medium),100,200,71.44826412525528,2.3816088041751757,5.381608804175176
103,60512,Fertilizer Goods,goods,5,442,4,GOODS/FREIGHT (Lowest),100,200,71.6,2.3866666666666663,6.386666666666667
104,88057,Udaipur-Ahmedabad Passenger,passenger,3,482,3,MEMU/PASSENGER (Medium),100,200,71.46710526315789,2.382236842105263,5.382236842105263
105,70065,Raw Material Express,goods,5,479,4,GOODS/FREIGHT (Lowest),100,200,75.69097222222223,2.5230324074074075,6.523032407407408
106,65500,Double Decker Express,superfast,1,604,1,SUPERFAST (Highest),100,200,81.91980421686748,2.7306601405622493,3.7306601405622493
107,15732,Mewar Express,express,2,683,2,EXPRESS (High),100,200,66.65983436853003,2.221994478951001,4.221994478951001
108,72467,Dehradun Express,express,2,447,2,EXPRESS (High),100,200,65.3679435483871,2.1789314516129035,4.178931451612904
109,24692,Bikaner MEMU,memu,4,488,3,MEMU/PASSENGER (Medium),100,200,70.02099591230026,2.3340331970766757,5.334033197076676
110,28186,Mineral Transport,goods,5,612,4,GOODS/FREIGHT (Lowest),100,200,72.2032967032967,2.4067765567765567,6.406776556776556
111,35469,Kota MEMU,memu,4,594,3,MEMU/PASSENGER (Medium),100,200,69.80253623188406,2.3267512077294685,5.326751207729469
112,20398,Sikar-Jaipur Passenger,passenger,3,519,3,MEMU/PASSENGER (Medium),100,200,71.26904761904761,2.3756349206349205,5.375634920634921
113,15638,Jaipur-Delhi Passenger,passenger,3,545,3,MEMU/PASSENGER (Medium),100,200,67.9401334269663,2.26467111423221,5.264671114232209
114,10300,Pink City Rajdhani,superfast,1,597,1,SUPERFAST (Highest),100,200,67.83516483516483,2.261172161172161,3.261172161172161
115,14511,Limestone Special,goods,5,547,4,GOODS/FREIGHT (Lowest),100,200,80.90123456790124,2.6967078189300415,6.696707818930042
116,52257,Jodhpur Express,express,2,626,2,EXPRESS (High),100,200,68.5047619047619,2.2834920634920635,4.283492063492064
117,61359,Premium Tatkal Express,superfast,1,610,1,SUPERFAST (Highest),100,200,70.20769230769231,2.3402564102564103,3.3402564102564103
118,73431,Golden Temple Mail,express,2,450,2,EXPRESS (High),100,200,69.11224489795919,2.3037414965986396,4.30374149659864
119,93753,Petroleum Special,goods,5,620,4,GOODS/FREIGHT (Lowest),100,200,71.89822695035461,2.3966075650118204,6.39660756501182
120,73394,Container Freight,goods,5,616,4,GOODS/FREIGHT (Lowest),100,200,73.38640973630832,2.4462136578769442,6.446213657876944
121,73670,Antyodaya Express,superfast,1,534,1,SUPERFAST (Highest),100,200,70.4254507628294,2.3475150254276467,3.3475150254276467
122,33824,Mount Abu-Abu Road Passenger,passenger,3,479,3,MEMU/PASSENGER (Medium),100,200,71.38943894389439,2.37964796479648,5.379647964796479
123,45282,Udaipur MEMU,memu,4,514,3,MEMU/PASSENGER (Medium),100,200,79.99225473321859,2.666408491107286,5.666408491107286
124,24252,Mount Abu-Abu Road Passenger,passenger,3,590,3,MEMU/PASSENGER (Medium),100,200,73.01160541586074,2.433720180528691,5.433720180528692
125,21015,Kota Express,express,2,674,2,EXPRESS (High),100,200,75.09178743961353,2.503059581320451,4.503059581320451
126,90169,Raw Material Express,goods,5,477,4,GOODS/FREIGHT (Lowest),100,200,69.32629213483146,2.310876404494382,6.3108764044943815
127,23057,Haridwar Mail,express,2,612,2,EXPRESS (High),100,200,72.64001907183726,2.421333969061242,4.4213339690612425
128,86398,Alwar-Delhi Passenger,passenger,3,518,3,MEMU/PASSENGER (Medium),100,200,60.00692574066949,2.000230858022316,5.0002308580223165
129,46520,Premium Tatkal Express,superfast,1,555,1,SUPERFAST (Highest),100,200,73.82820512820513,2.460940170940171,3.460940170940171
130,21420,Container Freight,goods,5,463,4,GOODS/FREIGHT (Lowest),100,200,68.425,2.2808333333333333,6.280833333333334
131,50709,Dehradun Express,express,2,499,2,EXPRESS (High),100,200,77.9025974025974,2.5967532467532464,4.596753246753247
132,43299,Udaipur City Express,express,2,645,2,EXPRESS (High),100,200,72.24755989352263,2.4082519964507543,4.408251996450755
133,68160,Kota-Sawai Madhopur Passenger,passenger,3,574,3,MEMU/PASSENGER (Medium),100,200,72.99920634920635,2.4333068783068783,5.433306878306878
134,77316,Ajmer-Jaipur Passenger,passenger,3,576,3,MEMU/PASSENGER (Medium),100,200,73.90568654646324,2.4635228848821082,5.463522884882108
135,98339,Industrial Freight,goods,5,597,4,GOODS/FREIGHT (Lowest),100,200,72.31515151515151,2.4105050505050505,6.4105050505050505
136,26065,Ganganagar-Bikaner Passenger,passenger,3,524,3,MEMU/PASSENGER (Medium),100,200,72.95601249349298,2.4318670831164324,5.431867083116432
137,85893,Chittorgarh-Udaipur Passenger,passenger,3,562,3,MEMU/PASSENGER (Medium),100,200,71.62196765498652,2.387398921832884,5.387398921832884
138,40973,Sikar MEMU,memu,4,606,3,MEMU/PASSENGER (Medium),100,200,73.05530973451327,2.4351769911504424,5.435176991150442
139,25767,Cement Loading,goods,5,440,4,GOODS/FREIGHT (Lowest),100,200,71.75784412955466,2.391928137651822,6.391928137651822
140,33213,Iron Ore Express,goods,5,594,4,GOODS/FREIGHT (Lowest),100,200,66.9509090909091,2.2316969696969697,6.231696969696969
141,27948,Coal Special,goods,5,542,4,GOODS/FREIGHT (Lowest),100,200,73.99122390891841,2.4663741302972806,6.466374130297281
142,80988,Mineral Transport,goods,5,644,4,GOODS/FREIGHT (Lowest),100,200,74.1558197747184,2.47186065915728,6.471860659157279
143,20255,Gatimaan Express,superfast,1,571,1,SUPERFAST (Highest),100,200,69.63951612903226,2.3213172043010752,3.3213172043010752
144,90387,Bharatpur MEMU,memu,4,598,3,MEMU/PASSENGER (Medium),100,200,66.36893203883494,2.2122977346278314,5.212297734627832
145,35538,Alwar-Delhi Passenger,passenger,3,505,3,MEMU/PASSENGER (Medium),100,200,74.86844863731656,2.495614954577219,5.495614954577219
146,41752,Cement Loading,goods,5,417,4,GOODS/FREIGHT (Lowest),100,200,73.35098684210527,2.4450328947368423,6.445032894736842
147,63462,Mineral Transport,goods,5,603,4,GOODS/FREIGHT (Lowest),100,200,72.39112746997287,2.413037582332429,6.413037582332429
148,25317,Udaipur-Ahmedabad Passenger,passenger,3,521,3,MEMU/PASSENGER (Medium),100,200,74.95811119573496,2.4986037065244986,5.498603706524499
149,35213,Antyodaya Express,superfast,1,438,1,SUPERFAST (Highest),100,200,61.28363759296822,2.0427879197656074,3.0427879197656074
150,98996,Jodhpur Express,express,2,428,2,EXPRESS (High),100,200,77.71144024514811,2.590381341504937,4.590381341504937
151,98300,Ganganagar MEMU,memu,4,416,3,MEMU/PASSENGER (Medium),100,200,69.46938013442868,2.3156460044809557,5.315646004480955
152,69757,Kota Express,express,2,415,2,EXPRESS (High),100,200,73.76139817629179,2.4587132725430596,4.45871327254306
153,38051,Tejas Express,superfast,1,425,1,SUPERFAST (Highest),100,200,70.23295003965107,2.341098334655036,3.341098334655036
154,28465,Suvidha Express,superfast,1,510,1,SUPERFAST (Highest),100,200,77.27824858757062,2.575941619585687,3.575941619585687
155,61411,Industrial Freight,goods,5,472,4,GOODS/FREIGHT (Lowest),100,200,78.1820618556701,2.6060687285223367,6.606068728522336
156,63970,Sampark Kranti Express,superfast,1,514,1,SUPERFAST (Highest),100,200,72.14590932777487,2.4048636442591627,3.4048636442591627
157,18966,Jhunjhunu-Sikar Passenger,passenger,3,695,3,MEMU/PASSENGER (Medium),100,200,78.77888888888889,2.625962962962963,5.625962962962963
158,93692,Mandore Express,express,2,498,2,EXPRESS (High),100,200,70.53445378151261,2.3511484593837535,4.3511484593837535
159,65893,Ajmer Express,express,2,611,2,EXPRESS (High),100,200,63.75164293537787,2.125054764512596,4.125054764512596
160,72002,Agricultural Goods,goods,5,628,4,GOODS/FREIGHT (Lowest),100,200,71.00040633888663,2.366680211296221,6.366680211296221
161,86669,Double Decker Express,superfast,1,677,1,SUPERFAST (Highest),100,200,69.69722222222222,2.323240740740741,3.323240740740741
162,39651,Udaipur-Ahmedabad Passenger,passenger,3,669,3,MEMU/PASSENGER (Medium),100,200,70.13375350140056,2.337791783380019,5.337791783380019
163,50471,Mount Abu-Abu Road Passenger,passenger,3,424,3,MEMU/PASSENGER (Medium),100,200,72.33663366336634,2.4112211221122113,5.411221122112211
164,51473,Industrial Freight,goods,5,502,4,GOODS/FREIGHT (Lowest),100,200,63.705836373111,2.1235278791037,6.123527879103699
165,42089,Bikaner MEMU,memu,4,416,3,MEMU/PASSENGER (Medium),100,200,70.27,2.3423333333333334,5.342333333333333
166,46987,Udaipur MEMU,memu,4,607,3,MEMU/PASSENGER (Medium),100,200,76.71894943544427,2.557298314514809,5.557298314514809
167,71734,Vande Bharat Express,superfast,1,689,1,SUPERFAST (Highest),100,200,73.05727554179566,2.4352425180598556,3.4352425180598556
168,50164,Sampark Kranti Express,superfast,1,680,1,SUPERFAST (Highest),100,200,72.01020408163265,2.400340136054422,3.400340136054422
169,55327,Tejas Express,superfast,1,552,1,SUPERFAST (Highest),100,200,72.3154255319149,2.4105141843971634,3.4105141843971634
170,68575,Petroleum Special,goods,5,519,4,GOODS/FREIGHT (Lowest),100,200,77.61947973381731,2.5873159911272436,6.587315991127244
171,99848,Mount Abu-Abu Road Passenger,passenger,3,429,3,MEMU/PASSENGER (Medium),100,200,71.6602800294768,2.3886760009825596,5.38867600098256
172,76708,Ajmer-Jaipur Passenger,passenger,3,617,3,MEMU/PASSENGER (Medium),100,200,69.40657894736842,2.3135526315789474,5.313552631578947
173,70037,Abu Road MEMU,memu,4,478,3,MEMU/PASSENGER (Medium),100,200,67.18402777777777,2.239467592592592,5.239467592592592
174,54721,Ajmer Shatabdi,superfast,1,649,1,SUPERFAST (Highest),100,200,71.73429951690821,2.3911433172302736,3.3911433172302736
175,88979,Intercity Express,express,2,455,2,EXPRESS (High),100,200,71.39845261121857,2.3799484203739523,4.379948420373952
176,60180,Vande Bharat Express,superfast,1,605,1,SUPERFAST (Highest),100,200,77.94914215686273,2.598304738562091,3.598304738562091
177,32170,Dehradun Express,express,2,484,2,EXPRESS (High),100,200,67.95738269479122,2.265246089826374,4.265246089826374
178,59307,Steel Transport,goods,5,562,4,GOODS/FREIGHT (Lowest),100,200,65.3,2.1766666666666667,6.176666666666667
179,53132,Tejas Express,superfast,1,593,1,SUPERFAST (Highest),100,200,69.02264957264957,2.3007549857549856,3.3007549857549856
180,98182,Mineral Transport,goods,5,656,4,GOODS/FREIGHT (Lowest),100,200,75.90654205607477,2.5302180685358255,6.5302180685358255
181,57743,Premium Tatkal Express,superfast,1,685,1,SUPERFAST (Highest),100,200,81.69407894736842,2.723135964912281,3.723135964912281
182,53397,Udaipur-Ahmedabad Passenger,passenger,3,656,3,MEMU/PASSENGER (Medium),100,200,71.80564845782237,2.3935216152607457,5.393521615260745
183,98703,Antyodaya Express,superfast,1,693,1,SUPERFAST (Highest),100,200,76.87004830917874,2.5623349436392915,3.5623349436392915
184,17880,Udaipur MEMU,memu,4,522,3,MEMU/PASSENGER (Medium),100,200,62.54819277108434,2.0849397590361445,5.0849397590361445
185,77982,Jaipur MEMU,memu,4,504,3,MEMU/PASSENGER (Medium),100,200,80.76262626262626,2.692087542087542,5.692087542087542
186,16810,Sikar-Jaipur Passenger,passenger,3,456,3,MEMU/PASSENGER (Medium),100,200,65.43800904977375,2.181266968325792,5.181266968325792
187,59547,Double Decker Express,superfast,1,485,1,SUPERFAST (Highest),100,200,71.27361111111111,2.375787037037037,3.375787037037037
188,66520,Golden Temple Mail,express,2,531,2,EXPRESS (High),100,200,70.24499582985821,2.3414998609952735,4.341499860995274
189,39088,Pink City Rajdhani,superfast,1,495,1,SUPERFAST (Highest),100,200,71.36366758241758,2.3787889194139193,3.3787889194139193
190,70120,Duronto Express,superfast,1,580,1,SUPERFAST (Highest),100,200,65.78823953823954,2.192941317941318,3.192941317941318
191,54401,Kota-Sawai Madhopur Passenger,passenger,3,658,3,MEMU/PASSENGER (Medium),100,200,68.45592286501378,2.281864095500459,5.28186409550046
192,84474,Jaipur MEMU,memu,4,495,3,MEMU/PASSENGER (Medium),100,200,72.97727272727272,2.432575757575757,5.432575757575757
193,33684,Tejas Express,superfast,1,689,1,SUPERFAST (Highest),100,200,67.5787037037037,2.2526234567901233,3.2526234567901233
194,46695,Udaipur City Express,express,2,683,2,EXPRESS (High),100,200,65.40025015634771,2.1800083385449236,4.180008338544924
195,38942,Kota-Sawai Madhopur Passenger,passenger,3,607,3,MEMU/PASSENGER (Medium),100,200,75.01590909090909,2.500530303030303,5.5005303030303025
196,24474,Sampark Kranti Express,superfast,1,673,1,SUPERFAST (Highest),100,200,79.72149758454105,2.6573832528180352,3.6573832528180352
197,52554,Jaipur MEMU,memu,4,486,3,MEMU/PASSENGER (Medium),100,200,76.95345744680851,2.5651152482269506,5.565115248226951
198,13558,Sikar MEMU,memu,4,696,3,MEMU/PASSENGER (Medium),100,200,67.34977862112586,2.2449926207041955,5.2449926207041955
199,64891,Bikaner-Jodhpur Passenger,passenger,3,450,3,MEMU/PASSENGER (Medium),100,200,70.47662459093034,2.349220819697678,5.349220819697678
200,64912,Chittorgarh-Udaipur Passenger,passenger,3,577,3,MEMU/PASSENGER (Medium),100,200,73.08425797503467,2.436141932501156,5.436141932501156
201,81286,Mewar Express,express,2,586,2,EXPRESS (High),100,200,70.38290788013319,2.346096929337773,4.346096929337773
202,24719,Gatimaan Express,superfast,1,616,1,SUPERFAST (Highest),100,200,73.62840670859539,2.4542802236198464,3.4542802236198464
203,67523,Petroleum Special,goods,5,535,4,GOODS/FREIGHT (Lowest),100,200,78.94705122686182,2.6315683742287272,6.631568374228728
204,75928,Mineral Transport,goods,5,489,4,GOODS/FREIGHT (Lowest),100,200,70.4782491944146,2.3492749731471534,6.349274973147153
205,33301,Alwar-Delhi Passenger,passenger,3,600,3,MEMU/PASSENGER (Medium),100,200,74.55446428571429,2.4851488095238095,5.4851488095238095
206,54246,Petroleum Special,goods,5,429,4,GOODS/FREIGHT (Lowest),100,200,74.02309941520468,2.4674366471734896,6.467436647173489
207,11614,Ganganagar MEMU,memu,4,629,3,MEMU/PASSENGER (Medium),100,200,75.09970238095238,2.5033234126984127,5.503323412698412
208,73311,Alwar MEMU,memu,4,554,3,MEMU/PASSENGER (Medium),100,200,74.71969696969697,2.4906565656565656,5.490656565656566
209,43251,Abu Road MEMU,memu,4,607,3,MEMU/PASSENGER (Medium),100,200,73.16818181818182,2.438939393939394,5.438939393939394
210,20701,Limestone Special,goods,5,428,4,GOODS/FREIGHT (Lowest),100,200,70.4586255259467,2.34862085086489,6.34862085086489
211,15467,Golden Temple Mail,express,2,565,2,EXPRESS (High),100,200,74.23113207547169,2.4743710691823897,4.474371069182389
212,23295,Chittorgarh-Udaipur Passenger,passenger,3,512,3,MEMU/PASSENGER (Medium),100,200,75.85969387755102,2.528656462585034,5.528656462585034
213,74028,Bikaner Express,express,2,636,2,EXPRESS (High),100,200,72.87078132223763,2.429026044074588,4.429026044074588
214,98397,Ashram Express,express,2,678,2,EXPRESS (High),100,200,68.29342105263157,2.2764473684210524,4.276447368421053
215,60092,Bikaner-Jodhpur Passenger,passenger,3,685,3,MEMU/PASSENGER (Medium),100,200,79.08838383838385,2.6362794612794618,5.636279461279462
216,60964,Jodhpur MEMU,memu,4,592,3,MEMU/PASSENGER (Medium),100,200,75.34573412698413,2.511524470899471,5.511524470899471
217,40452,Pink City Rajdhani,superfast,1,569,1,SUPERFAST (Highest),100,200,69.10357142857143,2.303452380952381,3.303452380952381
218,26376,Suryanagari Express,express,2,497,2,EXPRESS (High),100,200,75.06371308016878,2.5021237693389593,4.50212376933896
219,45543,Udaipur-Ahmedabad Passenger,passenger,3,683,3,MEMU/PASSENGER (Medium),100,200,72.08555555555556,2.402851851851852,5.402851851851851
220,80864,Cement Loading,goods,5,544,4,GOODS/FREIGHT (Lowest),100,200,70.09361163820367,2.3364537212734557,6.336453721273456
221,22768,Bharatpur MEMU,memu,4,630,3,MEMU/PASSENGER (Medium),100,200,76.8881184407796,2.56293728135932,5.56293728135932
222,90161,Premium Tatkal Express,superfast,1,688,1,SUPERFAST (Highest),100,200,69.52319902319903,2.3174399674399675,3.3174399674399675
223,20798,Bikaner Express,express,2,642,2,EXPRESS (High),100,200,65.2948717948718,2.1764957264957263,4.176495726495727
224,44414,Container Freight,goods,5,660,4,GOODS/FREIGHT (Lowest),100,200,69.4961786001609,2.3165392866720302,6.316539286672031
225,73587,Bikaner-Jodhpur Passenger,passenger,3,580,3,MEMU/PASSENGER (Medium),100,200,68.82701310861422,2.294233770287141,5.294233770287141
226,97385,Haridwar Mail,express,2,537,2,EXPRESS (High),100,200,72.39217443249701,2.413072481083234,4.413072481083233
227,27962,Alwar-Delhi Passenger,passenger,3,481,3,MEMU/PASSENGER (Medium),100,200,68.26666666666667,2.2755555555555556,5.275555555555556
228,19606,Alwar-Delhi Passenger,passenger,3,665,3,MEMU/PASSENGER (Medium),100,200,68.77830188679246,2.292610062893082,5.292610062893083
229,63839,Ganganagar MEMU,memu,4,432,3,MEMU/PASSENGER (Medium),100,200,71.90880503144653,2.3969601677148846,5.396960167714885
230,13788,Bikaner Express,express,2,407,2,EXPRESS (High),100,200,76.44375000000001,2.548125,4.548125000000001
231,30017,Bikaner-Jodhpur Passenger,passenger,3,443,3,MEMU/PASSENGER (Medium),100,200,70.72626262626262,2.3575420875420874,5.357542087542088
232,36636,Ashram Express,express,2,602,2,EXPRESS (High),100,200,71.26149732620321,2.3753832442067737,4.375383244206773
233,70165,Antyodaya Express,superfast,1,494,1,SUPERFAST (Highest),100,200,65.75392156862745,2.191797385620915,3.191797385620915
234,18087,Jaipur-Delhi Passenger,passenger,3,659,3,MEMU/PASSENGER (Medium),100,200,80.29246411483253,2.6764154704944176,5.676415470494417
235,30528,Chittorgarh-Udaipur Passenger,passenger,3,599,3,MEMU/PASSENGER (Medium),100,200,66.16618993135012,2.205539664378337,5.205539664378337
236,84285,Jaipur MEMU,memu,4,585,3,MEMU/PASSENGER (Medium),100,200,67.85728193146417,2.2619093977154723,5.261909397715472
237,53713,Premium Tatkal Express,superfast,1,505,1,SUPERFAST (Highest),100,200,69.89080459770115,2.3296934865900383,3.3296934865900383
238,90690,Mount Abu-Abu Road Passenger,passenger,3,425,3,MEMU/PASSENGER (Medium),100,200,68.32692307692308,2.2775641025641025,5.277564102564103
239,51887,Ajmer-Jaipur Passenger,passenger,3,690,3,MEMU/PASSENGER (Medium),100,200,72.37745098039215,2.412581699346405,5.412581699346405
240,91121,Jhunjhunu-Sikar Passenger,passenger,3,406,3,MEMU/PASSENGER (Medium),100,200,70.05113636363637,2.335037878787879,5.33503787878788
241,85060,Kota-Sawai Madhopur Passenger,passenger,3,640,3,MEMU/PASSENGER (Medium),100,200,73.45265151515152,2.4484217171717173,5.448421717171717
242,59668,Ganganagar MEMU,memu,4,633,3,MEMU/PASSENGER (Medium),100,200,77.49599358974359,2.583199786324786,5.583199786324786
243,23356,Chittorgarh-Udaipur Passenger,passenger,3,556,3,MEMU/PASSENGER (Medium),100,200,72.02777777777777,2.4009259259259257,5.400925925925925
244,61779,Ganganagar-Bikaner Passenger,passenger,3,467,3,MEMU/PASSENGER (Medium),100,200,71.17857142857143,2.3726190476190476,5.372619047619048
245,98191,Jhunjhunu-Sikar Passenger,passenger,3,600,3,MEMU/PASSENGER (Medium),100,200,81.65057208237987,2.721685736079329,5.721685736079329
246,52015,Ajmer-Jaipur Passenger,passenger,3,404,3,MEMU/PASSENGER (Medium),100,200,70.25341005967604,2.3417803353225346,5.341780335322534
247,68944,Industrial Freight,goods,5,547,4,GOODS/FREIGHT (Lowest),100,200,68.78622641509435,2.292874213836478,6.292874213836479
248,96477,Premium Tatkal Express,superfast,1,454,1,SUPERFAST (Highest),100,200,74.16059757236228,2.4720199190787424,3.4720199190787424
249,58865,Jodhpur Express,express,2,515,2,EXPRESS (High),100,200,65.63126159554731,2.187708719851577,4.187708719851577
250,72928,Container Freight,goods,5,648,4,GOODS/FREIGHT (Lowest),100,200,63.83150183150183,2.1277167277167277,6.127716727716727
251,48406,Haridwar Mail,express,2,453,2,EXPRESS (High),100,200,75.26244019138755,2.508748006379585,4.5087480063795855
252,71629,Dehradun Express,express,2,632,2,EXPRESS (High),100,200,76.84873949579831,2.5616246498599438,4.561624649859944
253,51270,Jhunjhunu-Sikar Passenger,passenger,3,652,3,MEMU/PASSENGER (Medium),100,200,69.8564705882353,2.328549019607843,5.328549019607843
254,33321,Kota MEMU,memu,4,659,3,MEMU/PASSENGER (Medium),100,200,77.19166666666666,2.5730555555555554,5.573055555555555
255,83368,Aravali Express,express,2,577,2,EXPRESS (High),100,200,73.3893772893773,2.4463125763125766,4.446312576312577
256,65795,Pink City Rajdhani,superfast,1,597,1,SUPERFAST (Highest),100,200,68.98461538461538,2.2994871794871794,3.2994871794871794
257,92991,Fertilizer Goods,goods,5,588,4,GOODS/FREIGHT (Lowest),100,200,73.73989898989899,2.457996632996633,6.4579966329966325
258,36513,Mount Abu-Abu Road Passenger,passenger,3,550,3,MEMU/PASSENGER (Medium),100,200,71.7480122324159,2.391600407747197,5.391600407747196
259,42076,Jaipur MEMU,memu,4,419,3,MEMU/PASSENGER (Medium),100,200,76.58578431372548,2.5528594771241826,5.552859477124183
260,52008,Vande Bharat Express,superfast,1,531,1,SUPERFAST (Highest),100,200,73.10772357723577,2.4369241192411923,3.4369241192411923
261,29478,Industrial Freight,goods,5,479,4,GOODS/FREIGHT (Lowest),100,200,67.39913793103449,2.246637931034483,6.246637931034483
262,88710,Antyodaya Express,superfast,1,625,1,SUPERFAST (Highest),100,200,64.93764302059496,2.164588100686499,3.164588100686499
263,73659,Iron Ore Express,goods,5,431,4,GOODS/FREIGHT (Lowest),100,200,71.02820796460176,2.367606932153392,6.367606932153392
264,89610,Chetak Express,express,2,540,2,EXPRESS (High),100,200,73.40375685943435,2.4467918953144783,4.446791895314478
265,60854,Mandore Express,express,2,522,2,EXPRESS (High),100,200,78.50337381916329,2.616779127305443,4.616779127305443
266,92848,Udaipur City Express,express,2,555,2,EXPRESS (High),100,200,71.02311912225706,2.3674373040752354,4.367437304075235
267,66445,Bikaner-Jodhpur Passenger,passenger,3,436,3,MEMU/PASSENGER (Medium),100,200,72.33983451536643,2.411327817178881,5.411327817178881
268,99930,Mewar Express,express,2,535,2,EXPRESS (High),100,200,67.94529411764705,2.2648431372549016,4.264843137254902
269,80878,Vande Bharat Express,superfast,1,447,1,SUPERFAST (Highest),100,200,68.21166666666667,2.2737222222222226,3.2737222222222226
270,58146,Ganganagar MEMU,memu,4,603,3,MEMU/PASSENGER (Medium),100,200,74.4108843537415,2.480362811791383,5.480362811791383
271,92199,Bikaner-Jodhpur Passenger,passenger,3,477,3,MEMU/PASSENGER (Medium),100,200,67.76845775225596,2.258948591741865,5.258948591741865
272,20816,Jodhpur Express,express,2,487,2,EXPRESS (High),100,200,68.16260822510823,2.272086940836941,4.272086940836941
273,89024,Aravali Express,express,2,447,2,EXPRESS (High),100,200,64.8021568627451,2.1600718954248364,4.160071895424837
274,95580,Container Freight,goods,5,540,4,GOODS/FREIGHT (Lowest),100,200,72.62,2.420666666666667,6.420666666666667
275,70550,Premium Tatkal Express,superfast,1,638,1,SUPERFAST (Highest),100,200,79.76716604244695,2.6589055347482313,3.6589055347482313
276,19814,Churu MEMU,memu,4,457,3,MEMU/PASSENGER (Medium),100,200,73.37771392081737,2.445923797360579,5.445923797360579
277,32764,Golden Temple Mail,express,2,594,2,EXPRESS (High),100,200,69.04854368932038,2.301618122977346,4.301618122977346
278,97360,Container Freight,goods,5,620,4,GOODS/FREIGHT (Lowest),100,200,66.74444444444444,2.2248148148148146,6.224814814814815
279,85518,Mineral Transport,goods,5,668,4,GOODS/FREIGHT (Lowest),100,200,71.675,2.3891666666666667,6.389166666666666
280,58108,Alwar-Delhi Passenger,passenger,3,648,3,MEMU/PASSENGER (Medium),100,200,75.22474747474747,2.5074915824915824,5.507491582491582
281,66711,Abu Road MEMU,memu,4,657,3,MEMU/PASSENGER (Medium),100,200,77.53541666666668,2.5845138888888894,5.584513888888889
282,36897,Bharatpur-Mathura Passenger,passenger,3,664,3,MEMU/PASSENGER (Medium),100,200,68.40413533834587,2.280137844611529,5.280137844611529
283,20740,Container Freight,goods,5,639,4,GOODS/FREIGHT (Lowest),100,200,66.05641025641026,2.201880341880342,6.201880341880342
284,65976,Humsafar Express,superfast,1,448,1,SUPERFAST (Highest),100,200,68.78954248366013,2.2929847494553375,3.2929847494553375
285,92102,Haridwar Mail,express,2,437,2,EXPRESS (High),100,200,68.18735632183908,2.2729118773946357,4.272911877394636
286,22079,Abu Road MEMU,memu,4,451,3,MEMU/PASSENGER (Medium),100,200,75.02423137050548,2.5008077123501824,5.500807712350182
287,94044,Golden Temple Mail,express,2,565,2,EXPRESS (High),100,200,65.63669467787115,2.187889822595705,4.1878898225957055
288,73457,Industrial Freight,goods,5,532,4,GOODS/FREIGHT (Lowest),100,200,68.76727828746178,2.2922426095820594,6.292242609582059
289,48947,Jodhpur MEMU,memu,4,617,3,MEMU/PASSENGER (Medium),100,200,66.90476190476191,2.2301587301587302,5.23015873015873
290,95616,Ganganagar-Bikaner Passenger,passenger,3,478,3,MEMU/PASSENGER (Medium),100,200,74.88463426607755,2.4961544755359184,5.496154475535919
291,23507,Ajmer MEMU,memu,4,423,3,MEMU/PASSENGER (Medium),100,200,68.76749798873693,2.292249932957898,5.292249932957898
292,71482,Jodhpur MEMU,memu,4,689,3,MEMU/PASSENGER (Medium),100,200,70.53804347826087,2.351268115942029,5.351268115942029
293,48468,Ganganagar MEMU,memu,4,506,3,MEMU/PASSENGER (Medium),100,200,70.12710280373832,2.337570093457944,5.337570093457944
294,83558,Alwar MEMU,memu,4,657,3,MEMU/PASSENGER (Medium),100,200,71.17305084745763,2.3724350282485878,5.372435028248588
295,12977,Sikar MEMU,memu,4,514,3,MEMU/PASSENGER (Medium),100,200,73.9388888888889,2.4646296296296297,5.46462962962963
296,87068,Mount Abu-Abu Road Passenger,passenger,3,655,3,MEMU/PASSENGER (Medium),100,200,75.77899877899878,2.525966625966626,5.5259666259666265
297,96107,Sampark Kranti Express,superfast,1,607,1,SUPERFAST (Highest),100,200,74.21288573811509,2.4737628579371695,3.4737628579371695
298,29517,Ajmer MEMU,memu,4,607,3,MEMU/PASSENGER (Medium),100,200,61.305704099821746,2.0435234699940583,5.043523469994058
299,51237,Ganganagar-Bikaner Passenger,passenger,3,438,3,MEMU/PASSENGER (Medium),100,200,77.47649572649573,2.5825498575498576,5.582549857549857
300,30928,Mount Abu-Abu Road Passenger,passenger,3,416,3,MEMU/PASSENGER (Medium),100,200,70.3382287494437,2.3446076249814567,5.344607624981457
301,74079,Humsafar Express,superfast,1,584,1,SUPERFAST (Highest),100,200,78.87101769911504,2.629033923303835,3.629033923303835
302,27592,Limestone Special,goods,5,657,4,GOODS/FREIGHT (Lowest),100,200,74.23232323232322,2.474410774410774,6.474410774410774
303,37902,Coal Special,goods,5,431,4,GOODS/FREIGHT (Lowest),100,200,72.99479166666667,2.4331597222222223,6.433159722222222
304,50388,Ganganagar MEMU,memu,4,513,3,MEMU/PASSENGER (Medium),100,200,70.65157657657657,2.3550525525525523,5.355052552552552
305,49956,Coal Special,goods,5,421,4,GOODS/FREIGHT (Lowest),100,200,68.22683066361556,2.2742276887871853,6.274227688787185
306,32860,Ajmer-Jaipur Passenger,passenger,3,621,3,MEMU/PASSENGER (Medium),100,200,76.33845126835782,2.544615042278594,5.544615042278593
307,27874,Ashram Express,express,2,679,2,EXPRESS (High),100,200,75.83095238095238,2.5276984126984128,4.527698412698413
308,75871,Ajmer MEMU,memu,4,649,3,MEMU/PASSENGER (Medium),100,200,78.04106280193237,2.601368760064412,5.601368760064412
309,78868,Alwar-Delhi Passenger,passenger,3,688,3,MEMU/PASSENGER (Medium),100,200,75.31842105263158,2.5106140350877193,5.51061403508772
310,97804,Bikaner-Jodhpur Passenger,passenger,3,617,3,MEMU/PASSENGER (Medium),100,200,70.77967525195969,2.359322508398656,5.359322508398656
311,77611,Ajmer Express,express,2,680,2,EXPRESS (High),100,200,70.89464285714286,2.3631547619047617,4.363154761904761
312,67075,Alwar MEMU,memu,4,575,3,MEMU/PASSENGER (Medium),100,200,67.33489304812834,2.244496434937611,5.244496434937611
313,40469,Sikar-Jaipur Passenger,passenger,3,446,3,MEMU/PASSENGER (Medium),100,200,72.56099290780142,2.4186997635933807,5.418699763593381
314,10357,Ashram Express,express,2,540,2,EXPRESS (High),100,200,74.45476673427991,2.4818255578093305,4.48182555780933
315,41535,Mewar Express,express,2,517,2,EXPRESS (High),100,200,74.84083850931677,2.4946946169772257,4.494694616977226
316,64742,Suryanagari Express,express,2,405,2,EXPRESS (High),100,200,70.28458049886622,2.342819349962207,4.342819349962207
317,18565,Vande Bharat Express,superfast,1,560,1,SUPERFAST (Highest),100,200,79.15357142857142,2.6384523809523808,3.6384523809523808
318,96960,Abu Road MEMU,memu,4,582,3,MEMU/PASSENGER (Medium),100,200,69.53333333333333,2.3177777777777777,5.317777777777778
319,37736,Container Freight,goods,5,501,4,GOODS/FREIGHT (Lowest),100,200,71.64241348713398,2.3880804495711327,6.388080449571133
320,81817,Jhunjhunu-Sikar Passenger,passenger,3,429,3,MEMU/PASSENGER (Medium),100,200,70.20035460992908,2.3400118203309694,5.34001182033097
321,83499,Gatimaan Express,superfast,1,555,1,SUPERFAST (Highest),100,200,71.28238224637681,2.3760794082125605,3.3760794082125605
322,98287,Cement Loading,goods,5,589,4,GOODS/FREIGHT (Lowest),100,200,71.24034749034749,2.3746782496782495,6.374678249678249
323,19474,Churu MEMU,memu,4,636,3,MEMU/PASSENGER (Medium),100,200,68.35416666666666,2.278472222222222,5.278472222222222
324,44290,Marudhar Express,express,2,573,2,EXPRESS (High),100,200,73.87096130833666,2.4623653769445553,4.462365376944556
325,52215,Jaipur MEMU,memu,4,669,3,MEMU/PASSENGER (Medium),100,200,70.41815856777494,2.3472719522591645,5.347271952259165
326,82903,Jodhpur MEMU,memu,4,577,3,MEMU/PASSENGER (Medium),100,200,62.82944277108434,2.0943147590361444,5.094314759036145
327,58444,Iron Ore Express,goods,5,698,4,GOODS/FREIGHT (Lowest),100,200,67.74387254901961,2.2581290849673206,6.258129084967321
328,69248,Premium Tatkal Express,superfast,1,450,1,SUPERFAST (Highest),100,200,73.70264436049649,2.4567548120165497,3.4567548120165497
329,80032,Abu Road MEMU,memu,4,568,3,MEMU/PASSENGER (Medium),100,200,68.91161616161617,2.2970538720538722,5.297053872053873
330,28538,Mewar Express,express,2,556,2,EXPRESS (High),100,200,67.26666666666667,2.2422222222222223,4.242222222222223
331,54491,Bharatpur MEMU,memu,4,439,3,MEMU/PASSENGER (Medium),100,200,62.892361111111114,2.096412037037037,5.096412037037037
332,91954,Coal Special,goods,5,414,4,GOODS/FREIGHT (Lowest),100,200,67.94216310005784,2.264738770001928,6.264738770001928
333,18223,Petroleum Special,goods,5,425,4,GOODS/FREIGHT (Lowest),100,200,62.18241626794258,2.0727472089314194,6.072747208931419
334,47563,Ajmer Express,express,2,568,2,EXPRESS (High),100,200,73.64663049685895,2.4548876832286317,4.454887683228632
335,79504,Vande Bharat Express,superfast,1,486,1,SUPERFAST (Highest),100,200,75.95505617977528,2.5318352059925093,3.5318352059925093
336,71698,Kota-Sawai Madhopur Passenger,passenger,3,677,3,MEMU/PASSENGER (Medium),100,200,67.9936403508772,2.266454678362573,5.266454678362573
337,26841,Coal Special,goods,5,521,4,GOODS/FREIGHT (Lowest),100,200,70.31086956521739,2.343695652173913,6.343695652173913
338,54497,Vande Bharat Express,superfast,1,700,1,SUPERFAST (Highest),100,200,74.70855878012789,2.49028529267093,3.49028529267093
339,18417,Suryanagari Express,express,2,549,2,EXPRESS (High),100,200,70.69761904761906,2.356587301587302,4.356587301587302
340,96317,Sikar-Jaipur Passenger,passenger,3,527,3,MEMU/PASSENGER (Medium),100,200,78.3843537414966,2.61281179138322,5.61281179138322
341,33232,Chetak Express,express,2,583,2,EXPRESS (High),100,200,62.71629445822994,2.0905431486076647,4.090543148607665
342,75235,Marudhar Express,express,2,608,2,EXPRESS (High),100,200,65.97222222222223,2.1990740740740744,4.199074074074074
343,48614,Alwar-Delhi Passenger,passenger,3,551,3,MEMU/PASSENGER (Medium),100,200,66.84561403508772,2.228187134502924,5.2281871345029245
344,89126,Suvidha Express,superfast,1,625,1,SUPERFAST (Highest),100,200,69.4069306930693,2.313564356435643,3.313564356435643
345,28150,Bikaner MEMU,memu,4,647,3,MEMU/PASSENGER (Medium),100,200,65.77863636363637,2.192621212121212,5.192621212121212
346,85015,Jaipur-Delhi Passenger,passenger,3,466,3,MEMU/PASSENGER (Medium),100,200,77.89575471698113,2.5965251572327044,5.596525157232705
347,68823,Sikar-Jaipur Passenger,passenger,3,461,3,MEMU/PASSENGER (Medium),100,200,74.27555555555556,2.4758518518518517,5.475851851851852
348,57078,Steel Transport,goods,5,564,4,GOODS/FREIGHT (Lowest),100,200,71.36135057471265,2.3787116858237547,6.378711685823754
349,47353,Jodhpur MEMU,memu,4,676,3,MEMU/PASSENGER (Medium),100,200,67.93777777777777,2.2645925925925923,5.264592592592592
350,38186,Limestone Special,goods,5,435,4,GOODS/FREIGHT (Lowest),100,200,72.425,2.4141666666666666,6.414166666666667
351,92724,Industrial Freight,goods,5,682,4,GOODS/FREIGHT (Lowest),100,200,74.80177696078432,2.4933925653594775,6.4933925653594775
352,56079,Udaipur-Ahmedabad Passenger,passenger,3,467,3,MEMU/PASSENGER (Medium),100,200,69.11822660098522,2.3039408866995075,5.3039408866995075
353,88515,Kota MEMU,memu,4,545,3,MEMU/PASSENGER (Medium),100,200,72.07787698412699,2.4025958994709,5.402595899470899
354,34566,Double Decker Express,superfast,1,502,1,SUPERFAST (Highest),100,200,71.41428571428571,2.38047619047619,3.38047619047619
355,96938,Udaipur MEMU,memu,4,674,3,MEMU/PASSENGER (Medium),100,200,71.19651162790697,2.3732170542635656,5.3732170542635656
356,47335,Ajmer Express,express,2,462,2,EXPRESS (High),100,200,83.76556603773585,2.7921855345911952,4.792185534591195
357,81039,Jaipur MEMU,memu,4,401,3,MEMU/PASSENGER (Medium),100,200,67.45246179966044,2.2484153933220146,5.248415393322015
358,16416,Gatimaan Express,superfast,1,611,1,SUPERFAST (Highest),100,200,67.61785714285715,2.2539285714285717,3.2539285714285717
359,60516,Kota-Sawai Madhopur Passenger,passenger,3,674,3,MEMU/PASSENGER (Medium),100,200,78.91605504587156,2.6305351681957188,5.630535168195719
360,57020,Raw Material Express,goods,5,529,4,GOODS/FREIGHT (Lowest),100,200,67.80046583850933,2.2600155279503107,6.26001552795031
361,85536,Abu Road MEMU,memu,4,443,3,MEMU/PASSENGER (Medium),100,200,72.12835926449787,2.404278642149929,5.404278642149929
362,70062,Jhunjhunu-Sikar Passenger,passenger,3,466,3,MEMU/PASSENGER (Medium),100,200,74.18709677419355,2.472903225806452,5.472903225806451
363,21562,Double Decker Express,superfast,1,589,1,SUPERFAST (Highest),100,200,71.70476190476191,2.3901587301587304,3.3901587301587304
364,28303,Industrial Freight,goods,5,473,4,GOODS/FREIGHT (Lowest),100,200,66.515,2.2171666666666665,6.2171666666666665
365,21601,Ajmer-Jaipur Passenger,passenger,3,520,3,MEMU/PASSENGER (Medium),100,200,67.31647058823529,2.2438823529411764,5.243882352941176
366,27887,Duronto Express,superfast,1,410,1,SUPERFAST (Highest),100,200,69.3586956521739,2.31195652173913,3.31195652173913
367,15205,Duronto Express,superfast,1,414,1,SUPERFAST (Highest),100,200,71.12020202020202,2.3706734006734007,3.3706734006734007
368,28072,Udaipur MEMU,memu,4,418,3,MEMU/PASSENGER (Medium),100,200,77.98507085020243,2.5995023616734145,5.599502361673414
369,54159,Udaipur MEMU,memu,4,675,3,MEMU/PASSENGER (Medium),100,200,79.42113095238095,2.6473710317460317,5.647371031746031
370,19402,Kota-Sawai Madhopur Passenger,passenger,3,423,3,MEMU/PASSENGER (Medium),100,200,67.85214401294498,2.2617381337648323,5.261738133764832
371,46904,Ajmer Shatabdi,superfast,1,609,1,SUPERFAST (Highest),100,200,70.32824675324676,2.344274891774892,3.344274891774892
372,34848,Alwar-Delhi Passenger,passenger,3,655,3,MEMU/PASSENGER (Medium),100,200,68.81623762376238,2.293874587458746,5.293874587458745
373,35601,Ajmer Shatabdi,superfast,1,535,1,SUPERFAST (Highest),100,200,66.5503300330033,2.2183443344334437,3.2183443344334437
374,23918,Alwar-Delhi Passenger,passenger,3,439,3,MEMU/PASSENGER (Medium),100,200,70.44903846153846,2.348301282051282,5.348301282051282
375,24032,Ajmer Shatabdi,superfast,1,433,1,SUPERFAST (Highest),100,200,69.38145161290322,2.3127150537634407,3.3127150537634407
376,89967,Alwar-Delhi Passenger,passenger,3,556,3,MEMU/PASSENGER (Medium),100,200,68.72537878787878,2.2908459595959596,5.290845959595959
377,89724,Iron Ore Express,goods,5,529,4,GOODS/FREIGHT (Lowest),100,200,68.9059633027523,2.2968654434250766,6.296865443425077
378,62660,Tejas Express,superfast,1,653,1,SUPERFAST (Highest),100,200,75.04875,2.5016249999999998,3.5016249999999998
379,83600,Double Decker Express,superfast,1,400,1,SUPERFAST (Highest),100,200,73.25490196078431,2.441830065359477,3.441830065359477
380,26630,Mandore Express,express,2,494,2,EXPRESS (High),100,200,69.0255496137849,2.3008516537928303,4.30085165379283
381,44252,Chittorgarh-Udaipur Passenger,passenger,3,519,3,MEMU/PASSENGER (Medium),100,200,66.98148148148148,2.232716049382716,5.2327160493827165
382,97595,Sampark Kranti Express,superfast,1,681,1,SUPERFAST (Highest),100,200,76.26708801498127,2.542236267166042,3.542236267166042
383,47430,Jhunjhunu-Sikar Passenger,passenger,3,612,3,MEMU/PASSENGER (Medium),100,200,75.8504761904762,2.5283492063492066,5.528349206349207
384,76242,Abu Road MEMU,memu,4,444,3,MEMU/PASSENGER (Medium),100,200,70.49961240310077,2.349987080103359,5.349987080103359
385,24092,Limestone Special,goods,5,552,4,GOODS/FREIGHT (Lowest),100,200,67.91733870967741,2.2639112903225804,6.26391129032258
386,11843,Abu Road MEMU,memu,4,594,3,MEMU/PASSENGER (Medium),100,200,62.00284090909091,2.0667613636363638,5.066761363636363
387,97972,Iron Ore Express,goods,5,577,4,GOODS/FREIGHT (Lowest),100,200,69.41949152542372,2.3139830508474573,6.313983050847457
388,33016,Ajmer Shatabdi,superfast,1,468,1,SUPERFAST (Highest),100,200,75.06711979609176,2.502237326536392,3.502237326536392
389,56003,Udaipur-Ahmedabad Passenger,passenger,3,569,3,MEMU/PASSENGER (Medium),100,200,73.67853795688848,2.455951265229616,5.455951265229616
390,11097,Mewar Express,express,2,480,2,EXPRESS (High),100,200,75.27714646464646,2.5092382154882156,4.509238215488216
391,75591,Ajmer-Jaipur Passenger,passenger,3,434,3,MEMU/PASSENGER (Medium),100,200,66.26235465116278,2.2087451550387596,5.208745155038759
392,90032,Ajmer Shatabdi,superfast,1,633,1,SUPERFAST (Highest),100,200,66.4979674796748,2.21659891598916,3.21659891598916
393,23375,Sikar MEMU,memu,4,659,3,MEMU/PASSENGER (Medium),100,200,75.18816953889149,2.5062723179630497,5.50627231796305
394,65966,Ashram Express,express,2,662,2,EXPRESS (High),100,200,74.23201581027668,2.4744005270092226,4.474400527009223
395,95600,Golden Temple Mail,express,2,559,2,EXPRESS (High),100,200,70.20486111111111,2.3401620370370373,4.340162037037038
396,12657,Udaipur-Ahmedabad Passenger,passenger,3,453,3,MEMU/PASSENGER (Medium),100,200,70.73541666666667,2.357847222222222,5.357847222222222
397,77011,Raw Material Express,goods,5,652,4,GOODS/FREIGHT (Lowest),100,200,73.05797101449275,2.4352657004830918,6.435265700483091
398,28437,Mount Abu-Abu Road Passenger,passenger,3,510,3,MEMU/PASSENGER (Medium),100,200,74.34474260679079,2.478158086893026,5.478158086893027
399,38610,Vande Bharat Express,superfast,1,418,1,SUPERFAST (Highest),100,200,65.94107744107744,2.198035914702581,3.198035914702581
400,13706,Dehradun Express,express,2,515,2,EXPRESS (High),100,200,64.6236559139785,2.154121863799283,4.154121863799283
401,64165,Bikaner MEMU,memu,4,631,3,MEMU/PASSENGER (Medium),100,200,77.7672272354389,2.5922409078479633,5.592240907847963
402,71751,Suvidha Express,superfast,1,506,1,SUPERFAST (Highest),100,200,72.05648625429554,2.4018828751431847,3.4018828751431847
403,44164,Bikaner-Jodhpur Passenger,passenger,3,658,3,MEMU/PASSENGER (Medium),100,200,66.89784442361763,2.2299281474539208,5.22992814745392
404,12478,Chetak Express,express,2,522,2,EXPRESS (High),100,200,71.29024583663758,2.376341527887919,4.376341527887919
405,30389,Ajmer Express,express,2,405,2,EXPRESS (High),100,200,73.80885588558856,2.4602951961862853,4.460295196186285
406,78680,Kota-Sawai Madhopur Passenger,passenger,3,402,3,MEMU/PASSENGER (Medium),100,200,69.10042735042735,2.3033475783475783,5.303347578347578
407,91007,Mandore Express,express,2,640,2,EXPRESS (High),100,200,67.64920328343796,2.254973442781265,4.2549734427812655
408,96446,Bikaner-Jodhpur Passenger,passenger,3,492,3,MEMU/PASSENGER (Medium),100,200,72.40375939849623,2.413458646616541,5.413458646616541
409,43704,Jaipur-Delhi Passenger,passenger,3,598,3,MEMU/PASSENGER (Medium),100,200,73.36284513805522,2.4454281712685075,5.4454281712685075
410,49846,Gatimaan Express,superfast,1,628,1,SUPERFAST (Highest),100,200,70.13398058252427,2.337799352750809,3.337799352750809
411,53054,Bharatpur-Mathura Passenger,passenger,3,403,3,MEMU/PASSENGER (Medium),100,200,68.25481927710844,2.2751606425702815,5.275160642570281
412,36187,Iron Ore Express,goods,5,575,4,GOODS/FREIGHT (Lowest),100,200,65.2860576923077,2.176201923076923,6.176201923076923
413,30709,Aravali Express,express,2,464,2,EXPRESS (High),100,200,68.48880105401845,2.2829600351339483,4.282960035133948
414,77064,Container Freight,goods,5,560,4,GOODS/FREIGHT (Lowest),100,200,71.29323308270676,2.376441102756892,6.376441102756893
415,49556,Marudhar Express,express,2,414,2,EXPRESS (High),100,200,72.7062818336163,2.42354272778721,4.4235427277872095
416,93408,Haridwar Mail,express,2,522,2,EXPRESS (High),100,200,78.18224137931036,2.6060747126436783,4.606074712643679
417,28694,Mineral Transport,goods,5,555,4,GOODS/FREIGHT (Lowest),100,200,74.87758775877587,2.4959195919591957,6.495919591959195
418,51305,Intercity Express,express,2,460,2,EXPRESS (High),100,200,82.04416666666667,2.7348055555555555,4.734805555555555
419,52174,Kota-Sawai Madhopur Passenger,passenger,3,456,3,MEMU/PASSENGER (Medium),100,200,77.06863395225463,2.568954465075154,5.568954465075154
420,62304,Sikar MEMU,memu,4,619,3,MEMU/PASSENGER (Medium),100,200,70.57570093457944,2.3525233644859815,5.3525233644859815
421,55657,Ajmer Shatabdi,superfast,1,687,1,SUPERFAST (Highest),100,200,70.63673358654368,2.354557786218123,3.354557786218123
422,31902,Raw Material Express,goods,5,630,4,GOODS/FREIGHT (Lowest),100,200,72.44086021505376,2.414695340501792,6.414695340501792
423,12859,Iron Ore Express,goods,5,569,4,GOODS/FREIGHT (Lowest),100,200,76.23863636363636,2.5412878787878785,6.5412878787878785
424,96222,Gatimaan Express,superfast,1,439,1,SUPERFAST (Highest),100,200,74.02333621434745,2.4674445404782483,3.4674445404782483
425,90341,Bharatpur MEMU,memu,4,602,3,MEMU/PASSENGER (Medium),100,200,72.90448343079922,2.4301494476933074,5.430149447693307
426,10851,Sampark Kranti Express,superfast,1,623,1,SUPERFAST (Highest),100,200,72.05906593406593,2.401968864468864,3.401968864468864
427,26483,Agricultural Goods,goods,5,417,4,GOODS/FREIGHT (Lowest),100,200,70.82821782178218,2.360940594059406,6.3609405940594055
428,78295,Churu MEMU,memu,4,515,3,MEMU/PASSENGER (Medium),100,200,66.41924528301887,2.2139748427672954,5.213974842767295
429,75377,Bikaner MEMU,memu,4,413,3,MEMU/PASSENGER (Medium),100,200,64.65352941176471,2.1551176470588236,5.155117647058823
430,72016,Pink City Rajdhani,superfast,1,572,1,SUPERFAST (Highest),100,200,66.9607843137255,2.2320261437908497,3.2320261437908497
431,60650,Mandore Express,express,2,639,2,EXPRESS (High),100,200,71.75,2.3916666666666666,4.391666666666667
432,65408,Aravali Express,express,2,481,2,EXPRESS (High),100,200,70.30286561264822,2.343428853754941,4.343428853754941
433,64092,Abu Road MEMU,memu,4,567,3,MEMU/PASSENGER (Medium),100,200,66.1662962962963,2.2055432098765433,5.205543209876543
434,71637,Container Freight,goods,5,535,4,GOODS/FREIGHT (Lowest),100,200,72.1286231884058,2.4042874396135265,6.404287439613526
435,16066,Duronto Express,superfast,1,454,1,SUPERFAST (Highest),100,200,70.52608695652174,2.3508695652173914,3.3508695652173914
436,24089,Sampark Kranti Express,superfast,1,485,1,SUPERFAST (Highest),100,200,73.83277777777778,2.4610925925925926,3.4610925925925926
437,60171,Mount Abu-Abu Road Passenger,passenger,3,685,3,MEMU/PASSENGER (Medium),100,200,66.79529411764706,2.2265098039215685,5.2265098039215685
438,91851,Mount Abu-Abu Road Passenger,passenger,3,528,3,MEMU/PASSENGER (Medium),100,200,66.3948432760364,2.2131614425345467,5.213161442534547
439,26417,Chittorgarh-Udaipur Passenger,passenger,3,611,3,MEMU/PASSENGER (Medium),100,200,71.90263157894736,2.396754385964912,5.396754385964912
440,80276,Petroleum Special,goods,5,557,4,GOODS/FREIGHT (Lowest),100,200,72.80072463768116,2.4266908212560385,6.426690821256038
441,11811,Abu Road MEMU,memu,4,659,3,MEMU/PASSENGER (Medium),100,200,75.02285067873304,2.5007616892911013,5.500761689291101
442,63154,Ajmer-Jaipur Passenger,passenger,3,446,3,MEMU/PASSENGER (Medium),100,200,73.03846153846153,2.4346153846153844,5.434615384615384
443,55741,Bikaner MEMU,memu,4,491,3,MEMU/PASSENGER (Medium),100,200,68.4476483762598,2.2815882792086604,5.281588279208661
444,57472,Bharatpur MEMU,memu,4,485,3,MEMU/PASSENGER (Medium),100,200,72.12526205450733,2.4041754018169113,5.404175401816911
445,76304,Udaipur-Ahmedabad Passenger,passenger,3,651,3,MEMU/PASSENGER (Medium),100,200,69.03819444444444,2.301273148148148,5.301273148148148
446,11274,Golden Temple Mail,express,2,595,2,EXPRESS (High),100,200,71.05283018867924,2.3684276729559746,4.368427672955974
447,34843,Jaipur MEMU,memu,4,631,3,MEMU/PASSENGER (Medium),100,200,64.93587930221594,2.1645293100738647,5.164529310073865
448,40651,Raw Material Express,goods,5,630,4,GOODS/FREIGHT (Lowest),100,200,71.96452395391147,2.3988174651303824,6.398817465130382
449,54179,Coal Special,goods,5,661,4,GOODS/FREIGHT (Lowest),100,200,68.35553728070175,2.278517909356725,6.278517909356725
450,15788,Ajmer Shatabdi,superfast,1,486,1,SUPERFAST (Highest),100,200,73.27523219814242,2.4425077399380806,3.4425077399380806
451,31317,Jhunjhunu-Sikar Passenger,passenger,3,472,3,MEMU/PASSENGER (Medium),100,200,68.49489795918367,2.2831632653061225,5.283163265306122
452,16585,Sikar MEMU,memu,4,502,3,MEMU/PASSENGER (Medium),100,200,75.53213562753037,2.517737854251012,5.517737854251012
453,68166,Vande Bharat Express,superfast,1,641,1,SUPERFAST (Highest),100,200,67.46279761904762,2.2487599206349205,3.2487599206349205
454,94538,Golden Temple Mail,express,2,594,2,EXPRESS (High),100,200,72.70900537634408,2.4236335125448027,4.423633512544803
455,94474,Fertilizer Goods,goods,5,619,4,GOODS/FREIGHT (Lowest),100,200,73.27341659232827,2.4424472197442757,6.442447219744276
456,82217,Mineral Transport,goods,5,451,4,GOODS/FREIGHT (Lowest),100,200,73.0,2.433333333333333,6.433333333333334
457,49513,Alwar MEMU,memu,4,639,3,MEMU/PASSENGER (Medium),100,200,64.79128787878787,2.1597095959595958,5.159709595959596
458,18685,Sikar MEMU,memu,4,589,3,MEMU/PASSENGER (Medium),100,200,69.86497326203208,2.328832442067736,5.3288324420677355
459,46155,Jhunjhunu-Sikar Passenger,passenger,3,451,3,MEMU/PASSENGER (Medium),100,200,62.607638888888886,2.086921296296296,5.086921296296296
460,78899,Marudhar Express,express,2,499,2,EXPRESS (High),100,200,64.09826427771557,2.1366088092571855,4.1366088092571855
461,71406,Udaipur-Ahmedabad Passenger,passenger,3,534,3,MEMU/PASSENGER (Medium),100,200,62.12857142857143,2.0709523809523813,5.070952380952381
462,13048,Ajmer-Jaipur Passenger,passenger,3,483,3,MEMU/PASSENGER (Medium),100,200,78.44827586206897,2.6149425287356323,5.614942528735632
463,87979,Jhunjhunu-Sikar Passenger,passenger,3,402,3,MEMU/PASSENGER (Medium),100,200,68.09935897435898,2.2699786324786326,5.269978632478633
464,86593,Bikaner MEMU,memu,4,618,3,MEMU/PASSENGER (Medium),100,200,73.2983552631579,2.44327850877193,5.443278508771931
465,94030,Alwar-Delhi Passenger,passenger,3,405,3,MEMU/PASSENGER (Medium),100,200,71.0062656641604,2.3668755221386797,5.366875522138679
466,87255,Udaipur City Express,express,2,473,2,EXPRESS (High),100,200,79.35031347962382,2.645010449320794,4.645010449320794
467,65496,Premium Tatkal Express,superfast,1,606,1,SUPERFAST (Highest),100,200,74.18285714285715,2.4727619047619047,3.4727619047619047
468,66381,Fertilizer Goods,goods,5,658,4,GOODS/FREIGHT (Lowest),100,200,64.24818840579711,2.141606280193237,6.141606280193237
469,10910,Haridwar Mail,express,2,469,2,EXPRESS (High),100,200,70.60840173829068,2.353613391276356,4.353613391276356
470,69210,Bharatpur MEMU,memu,4,591,3,MEMU/PASSENGER (Medium),100,200,69.51458333333333,2.317152777777778,5.317152777777778
471,17800,Mewar Express,express,2,575,2,EXPRESS (High),100,200,68.8311209439528,2.2943706981317598,4.294370698131759
472,30353,Gatimaan Express,superfast,1,626,1,SUPERFAST (Highest),100,200,68.37445980985306,2.2791486603284357,3.2791486603284357
473,41428,Golden Temple Mail,express,2,605,2,EXPRESS (High),100,200,75.09372294372295,2.5031240981240983,4.503124098124099
474,45539,Mineral Transport,goods,5,535,4,GOODS/FREIGHT (Lowest),100,200,75.16290726817043,2.5054302422723476,6.505430242272348
475,28872,Agricultural Goods,goods,5,404,4,GOODS/FREIGHT (Lowest),100,200,71.52513227513228,2.3841710758377426,6.384171075837743
476,44611,Duronto Express,superfast,1,517,1,SUPERFAST (Highest),100,200,72.78226857887876,2.4260756192959585,3.4260756192959585
477,19526,Agricultural Goods,goods,5,439,4,GOODS/FREIGHT (Lowest),100,200,70.45594125500668,2.3485313751668895,6.348531375166889
478,32122,Ajmer-Jaipur Passenger,passenger,3,660,3,MEMU/PASSENGER (Medium),100,200,63.755910165484636,2.1251970055161546,5.125197005516155
479,20810,Kota Express,express,2,401,2,EXPRESS (High),100,200,70.65734265734267,2.3552447552447555,4.3552447552447555
480,13656,Limestone Special,goods,5,442,4,GOODS/FREIGHT (Lowest),100,200,69.02380952380952,2.3007936507936506,6.300793650793651
481,75262,Bharatpur MEMU,memu,4,445,3,MEMU/PASSENGER (Medium),100,200,78.362471395881,2.6120823798627,5.6120823798627
482,44050,Alwar MEMU,memu,4,514,3,MEMU/PASSENGER (Medium),100,200,77.3506335282651,2.5783544509421703,5.57835445094217
483,49454,Udaipur City Express,express,2,516,2,EXPRESS (High),100,200,62.45814479638009,2.0819381598793365,4.0819381598793365
484,65883,Chittorgarh-Udaipur Passenger,passenger,3,608,3,MEMU/PASSENGER (Medium),100,200,65.52949852507375,2.1843166175024584,5.184316617502459
485,50476,Steel Transport,goods,5,482,4,GOODS/FREIGHT (Lowest),100,200,71.78535353535354,2.392845117845118,6.392845117845118
486,40282,Suvidha Express,superfast,1,653,1,SUPERFAST (Highest),100,200,67.76518883415434,2.258839627805145,3.258839627805145
487,12296,Iron Ore Express,goods,5,560,4,GOODS/FREIGHT (Lowest),100,200,71.26559454191033,2.375519818063678,6.375519818063678
488,15189,Churu MEMU,memu,4,606,3,MEMU/PASSENGER (Medium),100,200,70.22941176470589,2.340980392156863,5.3409803921568635
489,75672,Jaipur-Delhi Passenger,passenger,3,640,3,MEMU/PASSENGER (Medium),100,200,64.21998762376238,2.1406662541254127,5.140666254125413
490,81385,Industrial Freight,goods,5,686,4,GOODS/FREIGHT (Lowest),100,200,72.32236842105263,2.4107456140350876,6.410745614035088
491,76558,Raw Material Express,goods,5,417,4,GOODS/FREIGHT (Lowest),100,200,74.11215932914045,2.4704053109713486,6.470405310971349
492,54521,Petroleum Special,goods,5,553,4,GOODS/FREIGHT (Lowest),100,200,71.97089947089947,2.3990299823633157,6.399029982363316
493,45181,Alwar-Delhi Passenger,passenger,3,624,3,MEMU/PASSENGER (Medium),100,200,73.078231292517,2.4359410430839,5.435941043083901
494,87464,Sikar MEMU,memu,4,652,3,MEMU/PASSENGER (Medium),100,200,67.25145954962468,2.2417153183208227,5.241715318320823
495,10655,Jodhpur Express,express,2,584,2,EXPRESS (High),100,200,70.17206290471785,2.339068763490595,4.3390687634905944
496,71085,Duronto Express,superfast,1,428,1,SUPERFAST (Highest),100,200,71.9363425925926,2.397878086419753,3.397878086419753
497,54194,Suvidha Express,superfast,1,541,1,SUPERFAST (Highest),100,200,71.2315123251166,2.374383744170553,3.374383744170553
498,59874,Fertilizer Goods,goods,5,507,4,GOODS/FREIGHT (Lowest),100,200,63.94774011299435,2.131591337099812,6.131591337099811
499,55481,Chittorgarh-Udaipur Passenger,passenger,3,540,3,MEMU/PASSENGER (Medium),100,200,68.48640350877193,2.2828801169590642,5.282880116959064
500,78363,Haridwar Mail,express,2,621,2,EXPRESS (High),100,200,67.64303797468354,2.254767932489451,4.254767932489451
